Workbook

Sheet README
A1: Elastic Cost Allocator — Cloud & on-prem · configurable tiers & environments
A3: 1. Tiers: enable only the storage tiers you use (hot-only, +warm/cold, +frozen). Sample ships with hot+frozen.
A4: 2. Global: set Deployment (cloud|onprem), cost unit (ECU/EUR/USD), hours, annual commit/budget, margin, snapshot alloc tier.
A5: 3. Environments: add/rename codes (DEV, INT, UAT, PROD, MONITORING, …). Set Apply surcharge and per-tier rates.
A6: 4. Measurement: one row per index family. Fill GB columns for enabled tiers. Env must match Environments!Code.
A7: 5. Read Without / With Admin Cost and Any Family. HTML twin: web/index.html
A9: On-prem: set Deployment=onprem, unit=EUR (or your currency), zero Cloud-only platform rates if unused.
A10: https://github.com/superlopezg/elastic-cloud-cost-allocator

Sheet Tiers
A1: Storage tiers — set Enabled=TRUE only for tiers present in your cluster(s).
A3: Code | B3: Label | C3: Enabled
A4: hot | B4: Hot | C4: TRUE
A5: warm | B5: Warm | C5: FALSE
A6: cold | B6: Cold | C6: FALSE
A7: frozen | B7: Frozen | C7: TRUE
A9: Tip: hot-only → enable Hot only. ILM with warm/cold → enable those and enter GB + rates. Frozen searchables → enable Frozen.

Sheet Environments
A1: Environments — configure as many clusters as you need. Rates for disabled tiers can stay 0.
A2: Yellow = editable. Measurement.env must match Code. Surcharge=TRUE → commit/budget uplift; FALSE → dedicated.
A4: Code | B4: Label | C4: Apply surcharge | D4: Hot /h | E4: Warm /h | F4: Cold /h | G4: Frozen /h | H4: Kibana /h | I4: Integrations /h | J4: Tiebreaker /h | K4: Snapshots /month
A5: PRE | B5: Pre-production (sample) | C5: TRUE | D5: 3.5 | E5: 0 | F5: 0 | G5: 0.35 | H5: 0.28 | I5: 0.14 | J5: 0 | K5: 200
A6: PRO | B6: Production (sample) | C6: TRUE | D6: 5 | E6: 0 | F6: 0 | G6: 1 | H6: 0.56 | I6: 0.14 | J6: 0.07 | K6: 500
A7: MON | B7: Monitoring dedicated (sample) | C7: FALSE | D7: 0.5 | E7: 0 | F7: 0 | G7: 0 | H7: 0 | I7: 0 | J7: 0 | K7: 10

Sheet Global
A1: Global contract / budget parameters
A3: Deployment (cloud | onprem) | B3: cloud
A4: Cost unit (ECU, EUR, USD, …) | B4: ECU
A5: Hours / month | B5: 730
A6: Annual commit / budget | B6: 100000
A7: Margin on commit | B7: 0.03
A8: Other cost / year | B8: 500
A9: Snapshot alloc tier (auto | hot | warm | cold | frozen) | B9: auto
A11: Hours / year | B11: =B5*12
A12: Annual target | B12: =B6*(1+B7)
A14: Surchargeable base / year (Apply surcharge = TRUE) | B14: =SUMPRODUCT((Environments!C5:C50=TRUE)*(Environments!D5:D50+Environments!E5:E50+Environments!F5:F50+Environments!G5:G50)*$B$11)+SUMPRODUCT((Environments!C5:C50=TRUE)*Environments!K5:K50*12)
A15: Dedicated envs / year (Apply surcharge = FALSE) | B15: =SUMPRODUCT((Environments!C5:C50=FALSE)*(Environments!D5:D50+Environments!E5:E50+Environments!F5:F50+Environments!G5:G50)*$B$11)+SUMPRODUCT((Environments!C5:C50=FALSE)*Environments!K5:K50*12)
A16: Platform annual (Kibana+Integrations+Tiebreaker on surchargeable envs) | B16: =SUMPRODUCT((Environments!C5:C50=TRUE)*(Environments!H5:H50+Environments!I5:I50+Environments!J5:J50)*$B$11)
A17: Computed surcharge | B17: =IF(B14=0,0,(B12-B15)/B14-1)
A18: Estimated consumption | B18: =B14+B15+B16+B8

Sheet Measurement
A1: Measurement — GB columns for all tiers. Leave warm/cold at 0 if those tiers are disabled.
A2: Family | B2: Env | C2: What | D2: Events/s 15m | E2: KB/doc | F2: Docs | G2: GB hot | H2: GB warm | I2: GB cold | J2: GB frozen | K2: Indices | L2: Events/s life | M2: Age days
A3: pre-k8s-cloud-applogs-tst | B3: PRE | C3: logs de aplicacion Kubernetes, Azure, tst. Patron pre-k8s-azure-applogs-tst | D3: 3514.4 | E3: 1.47 | F3: 1865600672 | G3: 99.542 | H3: 0 | I3: 0 | J3: 1304.55 | K3: 1 | L3: 1318.5 | M3: 25.74
A4: pre-k8s-onprem-applogs-tst | B4: PRE | C4: logs de aplicacion Kubernetes, on-prem, tst. Patron pre-k8s-onprem-applogs-tst | D4: 3998.4 | E4: 0.346 | F4: 955805221 | G4: 16.773 | H4: 0 | I4: 0 | J4: 75.9 | K4: 88 | L4: 731 | M4: 32.12
A5: pre-k8s-cloud-applogs | B5: PRE | C5: logs de aplicacion Kubernetes, Azure. Patron pre-k8s-azure-applogs | D5: 7672 | E5: 3.968 | F5: 1098204509 | G5: 90.314 | H5: 0 | I5: 0 | J5: 1151.7 | K5: 68 | L5: 420.5 | M5: 331.85
A6: pre-k8s-onprem-applogs-dev | B6: PRE | C6: logs de aplicacion Kubernetes, on-prem, dev. Patron pre-k8s-onprem-applogs-dev | D6: 1573.6 | E6: 0.282 | F6: 28209859 | G6: 71.404 | H6: 0 | I6: 0 | J6: 797.7 | K6: 31 | L6: 2115.5 | M6: 72.22
A7: pre-k8s-onprem-applogs | B7: PRE | C7: logs de aplicacion Kubernetes, on-prem. Patron pre-k8s-onprem-applogs | D7: 5446.4 | E7: 0.499 | F7: 1545602272 | G7: 68.692 | H7: 0 | I7: 0 | J7: 927 | K7: 2 | L7: 4361 | M7: 306.24
A8: pre-k8s-cloud-applogs-dev | B8: PRE | C8: logs de aplicacion Kubernetes, Azure, dev. Patron pre-k8s-azure-applogs-dev | D8: 2785.6 | E8: 1.781 | F8: 1271603642 | G8: 105.037 | H8: 0 | I8: 0 | J8: 1426.8 | K8: 76 | L8: 578 | M8: 75.17
A9: .ds-logs-pre-ds-core-policy | B9: PRE | C9: Data stream, policy platform. Patron .ds-logs-pre-ds-core-policy platform | D9: 2586.4 | E9: 2.685 | F9: 1004004980 | G9: 53.802 | H9: 0 | I9: 0 | J9: 1289.7 | K9: 28 | L9: 3184 | M9: 378.09
A10: pre-app-masterdata | B10: PRE | C10: MDM. Patron pre-app-masterdata | D10: 563.2 | E10: 3.558 | F10: 885205574 | G10: 81.339 | H10: 0 | I10: 0 | J10: 1173 | K10: 53 | L10: 2034 | M10: 22.91
A11: pre-app-appserver | B11: PRE | C11: Tomcat. Patron pre-app-appserver | D11: 2704.8 | E11: 3.08 | F11: 12409938 | G11: 71.62 | H11: 0 | I11: 0 | J11: 750.15 | K11: 19 | L11: 1663 | M11: 129.84
A12: pre-db-oltp-sessions | B12: PRE | C12: OLTP database. Patron pre-bbdd-OLTP database-deltasesiones | D12: 6570.4 | E12: 3.15 | F12: 1702201489 | G12: 77.884 | H12: 0 | I12: 0 | J12: 28.95 | K12: 27 | L12: 4339 | M12: 103.9
A13: pre-app-stats-engine | B13: PRE | C13: stats engine, estadisticas. Patron pre-app-stats engine-estadisticas | D13: 1350.4 | E13: 0.365 | F13: 438807806 | G13: 27.512 | H13: 0 | I13: 0 | J13: 887.7 | K13: 14 | L13: 1830 | M13: 254.33
A14: pre-app-partners | B14: PRE | C14: partners. Patron pre-app-partners | D14: 6998.4 | E14: 3.809 | F14: 652406738 | G14: 115.32 | H14: 0 | I14: 0 | J14: 65.25 | K14: 16 | L14: 90 | M14: 310.54
... A75: Other MON below threshold | B75: MON | C75: Suma medida de 43 familias con menos de 0,05 GB, menos de 100000 documentos y menos de 0,05 eventos/s. No es una integracion. | D75: 29.24 | E75: 3.481 | F75: 872005640 | G75: 19.322 | H75: 0 | I75: 0 | J75: 0 | K75: 87 | L75: 14.82 | M75: 15.31

Sheet Without Admin Cost
A1: Without Admin Cost — no surcharge
A2: Surcharge rate | B2: 0
A4: Family | B4: Env | C4: GB hot | D4: Share hot | E4: GB warm | F4: Share warm | G4: GB cold | H4: Share cold | I4: GB frozen | J4: Share frozen | K4: Hot /h | L4: Warm /h | M4: Cold /h | N4: Frozen /h | O4: Snapshots/mo | P4: Cost/mo capacity | Q4: Cost/mo snapshots | R4: Cost/mo Elastic | S4: Cost/mo surcharge | T4: Cost/mo total | U4: Cost/year
A5: =Measurement!A3 | B5: =Measurement!B3 | C5: =Measurement!G3 | D5: =IF(SUMIF(Measurement!$B:$B,B5,Measurement!$G:$G)=0,0,C5/SUMIF(Measurement!$B:$B,B5,Measurement!$G:$G)) | E5: =Measurement!H3 | F5: =IF(SUMIF(Measurement!$B:$B,B5,Measurement!$H:$H)=0,0,E5/SUMIF(Measurement!$B:$B,B5,Measurement!$H:$H)) | G5: =Measurement!I3 | H5: =IF(SUMIF(Measurement!$B:$B,B5,Measurement!$I:$I)=0,0,G5/SUMIF(Measurement!$B:$B,B5,Measurement!$I:$I)) | I5: =Measurement!J3 | J5: =IF(SUMIF(Measurement!$B:$B,B5,Measurement!$J:$J)=0,0,I5/SUMIF(Measurement!$B:$B,B5,Measurement!$J:$J)) | K5: =IFERROR(VLOOKUP(B5,Environments!$A$5:$K$50,4,FALSE),0) | L5: =IFERROR(VLOOKUP(B5,Environments!$A$5:$K$50,5,FALSE),0) | M5: =IFERROR(VLOOKUP(B5,Environments!$A$5:$K$50,6,FALSE),0) | N5: =IFERROR(VLOOKUP(B5,Environments!$A$5:$K$50,7,FALSE),0) | O5: =IFERROR(VLOOKUP(B5,Environments!$A$5:$K$50,11,FALSE),0) | P5: =(D5*K5+F5*L5+H5*M5+J5*N5)*Global!$B$5 | Q5: =IF(SUMIF(Measurement!$B:$B,B5,Measurement!$J:$J)=0,D5*O5,J5*O5) | R5: =P5+Q5 | S5: 0 | T5: =R5+S5 | U5: =T5*12
A6: =Measurement!A4 | B6: =Measurement!B4 | C6: =Measurement!G4 | D6: =IF(SUMIF(Measurement!$B:$B,B6,Measurement!$G:$G)=0,0,C6/SUMIF(Measurement!$B:$B,B6,Measurement!$G:$G)) | E6: =Measurement!H4 | F6: =IF(SUMIF(Measurement!$B:$B,B6,Measurement!$H:$H)=0,0,E6/SUMIF(Measurement!$B:$B,B6,Measurement!$H:$H)) | G6: =Measurement!I4 | H6: =IF(SUMIF(Measurement!$B:$B,B6,Measurement!$I:$I)=0,0,G6/SUMIF(Measurement!$B:$B,B6,Measurement!$I:$I)) | I6: =Measurement!J4 | J6: =IF(SUMIF(Measurement!$B:$B,B6,Measurement!$J:$J)=0,0,I6/SUMIF(Measurement!$B:$B,B6,Measurement!$J:$J)) | K6: =IFERROR(VLOOKUP(B6,Environments!$A$5:$K$50,4,FALSE),0) | L6: =IFERROR(VLOOKUP(B6,Environments!$A$5:$K$50,5,FALSE),0) | M6: =IFERROR(VLOOKUP(B6,Environments!$A$5:$K$50,6,FALSE),0) | N6: =IFERROR(VLOOKUP(B6,Environments!$A$5:$K$50,7,FALSE),0) | O6: =IFERROR(VLOOKUP(B6,Environments!$A$5:$K$50,11,FALSE),0) | P6: =(D6*K6+F6*L6+H6*M6+J6*N6)*Global!$B$5 | Q6: =IF(SUMIF(Measurement!$B:$B,B6,Measurement!$J:$J)=0,D6*O6,J6*O6) | R6: =P6+Q6 | S6: 0 | T6: =R6+S6 | U6: =T6*12
A7: =Measurement!A5 | B7: =Measurement!B5 | C7: =Measurement!G5 | D7: =IF(SUMIF(Measurement!$B:$B,B7,Measurement!$G:$G)=0,0,C7/SUMIF(Measurement!$B:$B,B7,Measurement!$G:$G)) | E7: =Measurement!H5 | F7: =IF(SUMIF(Measurement!$B:$B,B7,Measurement!$H:$H)=0,0,E7/SUMIF(Measurement!$B:$B,B7,Measurement!$H:$H)) | G7: =Measurement!I5 | H7: =IF(SUMIF(Measurement!$B:$B,B7,Measurement!$I:$I)=0,0,G7/SUMIF(Measurement!$B:$B,B7,Measurement!$I:$I)) | I7: =Measurement!J5 | J7: =IF(SUMIF(Measurement!$B:$B,B7,Measurement!$J:$J)=0,0,I7/SUMIF(Measurement!$B:$B,B7,Measurement!$J:$J)) | K7: =IFERROR(VLOOKUP(B7,Environments!$A$5:$K$50,4,FALSE),0) | L7: =IFERROR(VLOOKUP(B7,Environments!$A$5:$K$50,5,FALSE),0) | M7: =IFERROR(VLOOKUP(B7,Environments!$A$5:$K$50,6,FALSE),0) | N7: =IFERROR(VLOOKUP(B7,Environments!$A$5:$K$50,7,FALSE),0) | O7: =IFERROR(VLOOKUP(B7,Environments!$A$5:$K$50,11,FALSE),0) | P7: =(D7*K7+F7*L7+H7*M7+J7*N7)*Global!$B$5 | Q7: =IF(SUMIF(Measurement!$B:$B,B7,Measurement!$J:$J)=0,D7*O7,J7*O7) | R7: =P7+Q7 | S7: 0 | T7: =R7+S7 | U7: =T7*12
A8: =Measurement!A6 | B8: =Measurement!B6 | C8: =Measurement!G6 | D8: =IF(SUMIF(Measurement!$B:$B,B8,Measurement!$G:$G)=0,0,C8/SUMIF(Measurement!$B:$B,B8,Measurement!$G:$G)) | E8: =Measurement!H6 | F8: =IF(SUMIF(Measurement!$B:$B,B8,Measurement!$H:$H)=0,0,E8/SUMIF(Measurement!$B:$B,B8,Measurement!$H:$H)) | G8: =Measurement!I6 | H8: =IF(SUMIF(Measurement!$B:$B,B8,Measurement!$I:$I)=0,0,G8/SUMIF(Measurement!$B:$B,B8,Measurement!$I:$I)) | I8: =Measurement!J6 | J8: =IF(SUMIF(Measurement!$B:$B,B8,Measurement!$J:$J)=0,0,I8/SUMIF(Measurement!$B:$B,B8,Measurement!$J:$J)) | K8: =IFERROR(VLOOKUP(B8,Environments!$A$5:$K$50,4,FALSE),0) | L8: =IFERROR(VLOOKUP(B8,Environments!$A$5:$K$50,5,FALSE),0) | M8: =IFERROR(VLOOKUP(B8,Environments!$A$5:$K$50,6,FALSE),0) | N8: =IFERROR(VLOOKUP(B8,Environments!$A$5:$K$50,7,FALSE),0) | O8: =IFERROR(VLOOKUP(B8,Environments!$A$5:$K$50,11,FALSE),0) | P8: =(D8*K8+F8*L8+H8*M8+J8*N8)*Global!$B$5 | Q8: =IF(SUMIF(Measurement!$B:$B,B8,Measurement!$J:$J)=0,D8*O8,J8*O8) | R8: =P8+Q8 | S8: 0 | T8: =R8+S8 | U8: =T8*12
A9: =Measurement!A7 | B9: =Measurement!B7 | C9: =Measurement!G7 | D9: =IF(SUMIF(Measurement!$B:$B,B9,Measurement!$G:$G)=0,0,C9/SUMIF(Measurement!$B:$B,B9,Measurement!$G:$G)) | E9: =Measurement!H7 | F9: =IF(SUMIF(Measurement!$B:$B,B9,Measurement!$H:$H)=0,0,E9/SUMIF(Measurement!$B:$B,B9,Measurement!$H:$H)) | G9: =Measurement!I7 | H9: =IF(SUMIF(Measurement!$B:$B,B9,Measurement!$I:$I)=0,0,G9/SUMIF(Measurement!$B:$B,B9,Measurement!$I:$I)) | I9: =Measurement!J7 | J9: =IF(SUMIF(Measurement!$B:$B,B9,Measurement!$J:$J)=0,0,I9/SUMIF(Measurement!$B:$B,B9,Measurement!$J:$J)) | K9: =IFERROR(VLOOKUP(B9,Environments!$A$5:$K$50,4,FALSE),0) | L9: =IFERROR(VLOOKUP(B9,Environments!$A$5:$K$50,5,FALSE),0) | M9: =IFERROR(VLOOKUP(B9,Environments!$A$5:$K$50,6,FALSE),0) | N9: =IFERROR(VLOOKUP(B9,Environments!$A$5:$K$50,7,FALSE),0) | O9: =IFERROR(VLOOKUP(B9,Environments!$A$5:$K$50,11,FALSE),0) | P9: =(D9*K9+F9*L9+H9*M9+J9*N9)*Global!$B$5 | Q9: =IF(SUMIF(Measurement!$B:$B,B9,Measurement!$J:$J)=0,D9*O9,J9*O9) | R9: =P9+Q9 | S9: 0 | T9: =R9+S9 | U9: =T9*12
A10: =Measurement!A8 | B10: =Measurement!B8 | C10: =Measurement!G8 | D10: =IF(SUMIF(Measurement!$B:$B,B10,Measurement!$G:$G)=0,0,C10/SUMIF(Measurement!$B:$B,B10,Measurement!$G:$G)) | E10: =Measurement!H8 | F10: =IF(SUMIF(Measurement!$B:$B,B10,Measurement!$H:$H)=0,0,E10/SUMIF(Measurement!$B:$B,B10,Measurement!$H:$H)) | G10: =Measurement!I8 | H10: =IF(SUMIF(Measurement!$B:$B,B10,Measurement!$I:$I)=0,0,G10/SUMIF(Measurement!$B:$B,B10,Measurement!$I:$I)) | I10: =Measurement!J8 | J10: =IF(SUMIF(Measurement!$B:$B,B10,Measurement!$J:$J)=0,0,I10/SUMIF(Measurement!$B:$B,B10,Measurement!$J:$J)) | K10: =IFERROR(VLOOKUP(B10,Environments!$A$5:$K$50,4,FALSE),0) | L10: =IFERROR(VLOOKUP(B10,Environments!$A$5:$K$50,5,FALSE),0) | M10: =IFERROR(VLOOKUP(B10,Environments!$A$5:$K$50,6,FALSE),0) | N10: =IFERROR(VLOOKUP(B10,Environments!$A$5:$K$50,7,FALSE),0) | O10: =IFERROR(VLOOKUP(B10,Environments!$A$5:$K$50,11,FALSE),0) | P10: =(D10*K10+F10*L10+H10*M10+J10*N10)*Global!$B$5 | Q10: =IF(SUMIF(Measurement!$B:$B,B10,Measurement!$J:$J)=0,D10*O10,J10*O10) | R10: =P10+Q10 | S10: 0 | T10: =R10+S10 | U10: =T10*12
A11: =Measurement!A9 | B11: =Measurement!B9 | C11: =Measurement!G9 | D11: =IF(SUMIF(Measurement!$B:$B,B11,Measurement!$G:$G)=0,0,C11/SUMIF(Measurement!$B:$B,B11,Measurement!$G:$G)) | E11: =Measurement!H9 | F11: =IF(SUMIF(Measurement!$B:$B,B11,Measurement!$H:$H)=0,0,E11/SUMIF(Measurement!$B:$B,B11,Measurement!$H:$H)) | G11: =Measurement!I9 | H11: =IF(SUMIF(Measurement!$B:$B,B11,Measurement!$I:$I)=0,0,G11/SUMIF(Measurement!$B:$B,B11,Measurement!$I:$I)) | I11: =Measurement!J9 | J11: =IF(SUMIF(Measurement!$B:$B,B11,Measurement!$J:$J)=0,0,I11/SUMIF(Measurement!$B:$B,B11,Measurement!$J:$J)) | K11: =IFERROR(VLOOKUP(B11,Environments!$A$5:$K$50,4,FALSE),0) | L11: =IFERROR(VLOOKUP(B11,Environments!$A$5:$K$50,5,FALSE),0) | M11: =IFERROR(VLOOKUP(B11,Environments!$A$5:$K$50,6,FALSE),0) | N11: =IFERROR(VLOOKUP(B11,Environments!$A$5:$K$50,7,FALSE),0) | O11: =IFERROR(VLOOKUP(B11,Environments!$A$5:$K$50,11,FALSE),0) | P11: =(D11*K11+F11*L11+H11*M11+J11*N11)*Global!$B$5 | Q11: =IF(SUMIF(Measurement!$B:$B,B11,Measurement!$J:$J)=0,D11*O11,J11*O11) | R11: =P11+Q11 | S11: 0 | T11: =R11+S11 | U11: =T11*12
A12: =Measurement!A10 | B12: =Measurement!B10 | C12: =Measurement!G10 | D12: =IF(SUMIF(Measurement!$B:$B,B12,Measurement!$G:$G)=0,0,C12/SUMIF(Measurement!$B:$B,B12,Measurement!$G:$G)) | E12: =Measurement!H10 | F12: =IF(SUMIF(Measurement!$B:$B,B12,Measurement!$H:$H)=0,0,E12/SUMIF(Measurement!$B:$B,B12,Measurement!$H:$H)) | G12: =Measurement!I10 | H12: =IF(SUMIF(Measurement!$B:$B,B12,Measurement!$I:$I)=0,0,G12/SUMIF(Measurement!$B:$B,B12,Measurement!$I:$I)) | I12: =Measurement!J10 | J12: =IF(SUMIF(Measurement!$B:$B,B12,Measurement!$J:$J)=0,0,I12/SUMIF(Measurement!$B:$B,B12,Measurement!$J:$J)) | K12: =IFERROR(VLOOKUP(B12,Environments!$A$5:$K$50,4,FALSE),0) | L12: =IFERROR(VLOOKUP(B12,Environments!$A$5:$K$50,5,FALSE),0) | M12: =IFERROR(VLOOKUP(B12,Environments!$A$5:$K$50,6,FALSE),0) | N12: =IFERROR(VLOOKUP(B12,Environments!$A$5:$K$50,7,FALSE),0) | O12: =IFERROR(VLOOKUP(B12,Environments!$A$5:$K$50,11,FALSE),0) | P12: =(D12*K12+F12*L12+H12*M12+J12*N12)*Global!$B$5 | Q12: =IF(SUMIF(Measurement!$B:$B,B12,Measurement!$J:$J)=0,D12*O12,J12*O12) | R12: =P12+Q12 | S12: 0 | T12: =R12+S12 | U12: =T12*12
A13: =Measurement!A11 | B13: =Measurement!B11 | C13: =Measurement!G11 | D13: =IF(SUMIF(Measurement!$B:$B,B13,Measurement!$G:$G)=0,0,C13/SUMIF(Measurement!$B:$B,B13,Measurement!$G:$G)) | E13: =Measurement!H11 | F13: =IF(SUMIF(Measurement!$B:$B,B13,Measurement!$H:$H)=0,0,E13/SUMIF(Measurement!$B:$B,B13,Measurement!$H:$H)) | G13: =Measurement!I11 | H13: =IF(SUMIF(Measurement!$B:$B,B13,Measurement!$I:$I)=0,0,G13/SUMIF(Measurement!$B:$B,B13,Measurement!$I:$I)) | I13: =Measurement!J11 | J13: =IF(SUMIF(Measurement!$B:$B,B13,Measurement!$J:$J)=0,0,I13/SUMIF(Measurement!$B:$B,B13,Measurement!$J:$J)) | K13: =IFERROR(VLOOKUP(B13,Environments!$A$5:$K$50,4,FALSE),0) | L13: =IFERROR(VLOOKUP(B13,Environments!$A$5:$K$50,5,FALSE),0) | M13: =IFERROR(VLOOKUP(B13,Environments!$A$5:$K$50,6,FALSE),0) | N13: =IFERROR(VLOOKUP(B13,Environments!$A$5:$K$50,7,FALSE),0) | O13: =IFERROR(VLOOKUP(B13,Environments!$A$5:$K$50,11,FALSE),0) | P13: =(D13*K13+F13*L13+H13*M13+J13*N13)*Global!$B$5 | Q13: =IF(SUMIF(Measurement!$B:$B,B13,Measurement!$J:$J)=0,D13*O13,J13*O13) | R13: =P13+Q13 | S13: 0 | T13: =R13+S13 | U13: =T13*12
A14: =Measurement!A12 | B14: =Measurement!B12 | C14: =Measurement!G12 | D14: =IF(SUMIF(Measurement!$B:$B,B14,Measurement!$G:$G)=0,0,C14/SUMIF(Measurement!$B:$B,B14,Measurement!$G:$G)) | E14: =Measurement!H12 | F14: =IF(SUMIF(Measurement!$B:$B,B14,Measurement!$H:$H)=0,0,E14/SUMIF(Measurement!$B:$B,B14,Measurement!$H:$H)) | G14: =Measurement!I12 | H14: =IF(SUMIF(Measurement!$B:$B,B14,Measurement!$I:$I)=0,0,G14/SUMIF(Measurement!$B:$B,B14,Measurement!$I:$I)) | I14: =Measurement!J12 | J14: =IF(SUMIF(Measurement!$B:$B,B14,Measurement!$J:$J)=0,0,I14/SUMIF(Measurement!$B:$B,B14,Measurement!$J:$J)) | K14: =IFERROR(VLOOKUP(B14,Environments!$A$5:$K$50,4,FALSE),0) | L14: =IFERROR(VLOOKUP(B14,Environments!$A$5:$K$50,5,FALSE),0) | M14: =IFERROR(VLOOKUP(B14,Environments!$A$5:$K$50,6,FALSE),0) | N14: =IFERROR(VLOOKUP(B14,Environments!$A$5:$K$50,7,FALSE),0) | O14: =IFERROR(VLOOKUP(B14,Environments!$A$5:$K$50,11,FALSE),0) | P14: =(D14*K14+F14*L14+H14*M14+J14*N14)*Global!$B$5 | Q14: =IF(SUMIF(Measurement!$B:$B,B14,Measurement!$J:$J)=0,D14*O14,J14*O14) | R14: =P14+Q14 | S14: 0 | T14: =R14+S14 | U14: =T14*12
A15: =Measurement!A13 | B15: =Measurement!B13 | C15: =Measurement!G13 | D15: =IF(SUMIF(Measurement!$B:$B,B15,Measurement!$G:$G)=0,0,C15/SUMIF(Measurement!$B:$B,B15,Measurement!$G:$G)) | E15: =Measurement!H13 | F15: =IF(SUMIF(Measurement!$B:$B,B15,Measurement!$H:$H)=0,0,E15/SUMIF(Measurement!$B:$B,B15,Measurement!$H:$H)) | G15: =Measurement!I13 | H15: =IF(SUMIF(Measurement!$B:$B,B15,Measurement!$I:$I)=0,0,G15/SUMIF(Measurement!$B:$B,B15,Measurement!$I:$I)) | I15: =Measurement!J13 | J15: =IF(SUMIF(Measurement!$B:$B,B15,Measurement!$J:$J)=0,0,I15/SUMIF(Measurement!$B:$B,B15,Measurement!$J:$J)) | K15: =IFERROR(VLOOKUP(B15,Environments!$A$5:$K$50,4,FALSE),0) | L15: =IFERROR(VLOOKUP(B15,Environments!$A$5:$K$50,5,FALSE),0) | M15: =IFERROR(VLOOKUP(B15,Environments!$A$5:$K$50,6,FALSE),0) | N15: =IFERROR(VLOOKUP(B15,Environments!$A$5:$K$50,7,FALSE),0) | O15: =IFERROR(VLOOKUP(B15,Environments!$A$5:$K$50,11,FALSE),0) | P15: =(D15*K15+F15*L15+H15*M15+J15*N15)*Global!$B$5 | Q15: =IF(SUMIF(Measurement!$B:$B,B15,Measurement!$J:$J)=0,D15*O15,J15*O15) | R15: =P15+Q15 | S15: 0 | T15: =R15+S15 | U15: =T15*12
A16: =Measurement!A14 | B16: =Measurement!B14 | C16: =Measurement!G14 | D16: =IF(SUMIF(Measurement!$B:$B,B16,Measurement!$G:$G)=0,0,C16/SUMIF(Measurement!$B:$B,B16,Measurement!$G:$G)) | E16: =Measurement!H14 | F16: =IF(SUMIF(Measurement!$B:$B,B16,Measurement!$H:$H)=0,0,E16/SUMIF(Measurement!$B:$B,B16,Measurement!$H:$H)) | G16: =Measurement!I14 | H16: =IF(SUMIF(Measurement!$B:$B,B16,Measurement!$I:$I)=0,0,G16/SUMIF(Measurement!$B:$B,B16,Measurement!$I:$I)) | I16: =Measurement!J14 | J16: =IF(SUMIF(Measurement!$B:$B,B16,Measurement!$J:$J)=0,0,I16/SUMIF(Measurement!$B:$B,B16,Measurement!$J:$J)) | K16: =IFERROR(VLOOKUP(B16,Environments!$A$5:$K$50,4,FALSE),0) | L16: =IFERROR(VLOOKUP(B16,Environments!$A$5:$K$50,5,FALSE),0) | M16: =IFERROR(VLOOKUP(B16,Environments!$A$5:$K$50,6,FALSE),0) | N16: =IFERROR(VLOOKUP(B16,Environments!$A$5:$K$50,7,FALSE),0) | O16: =IFERROR(VLOOKUP(B16,Environments!$A$5:$K$50,11,FALSE),0) | P16: =(D16*K16+F16*L16+H16*M16+J16*N16)*Global!$B$5 | Q16: =IF(SUMIF(Measurement!$B:$B,B16,Measurement!$J:$J)=0,D16*O16,J16*O16) | R16: =P16+Q16 | S16: 0 | T16: =R16+S16 | U16: =T16*12
... A77: =Measurement!A75 | B77: =Measurement!B75 | C77: =Measurement!G75 | D77: =IF(SUMIF(Measurement!$B:$B,B77,Measurement!$G:$G)=0,0,C77/SUMIF(Measurement!$B:$B,B77,Measurement!$G:$G)) | E77: =Measurement!H75 | F77: =IF(SUMIF(Measurement!$B:$B,B77,Measurement!$H:$H)=0,0,E77/SUMIF(Measurement!$B:$B,B77,Measurement!$H:$H)) | G77: =Measurement!I75 | H77: =IF(SUMIF(Measurement!$B:$B,B77,Measurement!$I:$I)=0,0,G77/SUMIF(Measurement!$B:$B,B77,Measurement!$I:$I)) | I77: =Measurement!J75 | J77: =IF(SUMIF(Measurement!$B:$B,B77,Measurement!$J:$J)=0,0,I77/SUMIF(Measurement!$B:$B,B77,Measurement!$J:$J)) | K77: =IFERROR(VLOOKUP(B77,Environments!$A$5:$K$50,4,FALSE),0) | L77: =IFERROR(VLOOKUP(B77,Environments!$A$5:$K$50,5,FALSE),0) | M77: =IFERROR(VLOOKUP(B77,Environments!$A$5:$K$50,6,FALSE),0) | N77: =IFERROR(VLOOKUP(B77,Environments!$A$5:$K$50,7,FALSE),0) | O77: =IFERROR(VLOOKUP(B77,Environments!$A$5:$K$50,11,FALSE),0) | P77: =(D77*K77+F77*L77+H77*M77+J77*N77)*Global!$B$5 | Q77: =IF(SUMIF(Measurement!$B:$B,B77,Measurement!$J:$J)=0,D77*O77,J77*O77) | R77: =P77+Q77 | S77: 0 | T77: =R77+S77 | U77: =T77*12

Sheet With Admin Cost
A1: With Admin Cost — surcharge when Environments!Apply surcharge is TRUE
A2: Surcharge rate | B2: =Global!B17
A4: Family | B4: Env | C4: GB hot | D4: Share hot | E4: GB warm | F4: Share warm | G4: GB cold | H4: Share cold | I4: GB frozen | J4: Share frozen | K4: Hot /h | L4: Warm /h | M4: Cold /h | N4: Frozen /h | O4: Snapshots/mo | P4: Cost/mo capacity | Q4: Cost/mo snapshots | R4: Cost/mo Elastic | S4: Cost/mo surcharge | T4: Cost/mo total | U4: Cost/year
A5: =Measurement!A3 | B5: =Measurement!B3 | C5: =Measurement!G3 | D5: =IF(SUMIF(Measurement!$B:$B,B5,Measurement!$G:$G)=0,0,C5/SUMIF(Measurement!$B:$B,B5,Measurement!$G:$G)) | E5: =Measurement!H3 | F5: =IF(SUMIF(Measurement!$B:$B,B5,Measurement!$H:$H)=0,0,E5/SUMIF(Measurement!$B:$B,B5,Measurement!$H:$H)) | G5: =Measurement!I3 | H5: =IF(SUMIF(Measurement!$B:$B,B5,Measurement!$I:$I)=0,0,G5/SUMIF(Measurement!$B:$B,B5,Measurement!$I:$I)) | I5: =Measurement!J3 | J5: =IF(SUMIF(Measurement!$B:$B,B5,Measurement!$J:$J)=0,0,I5/SUMIF(Measurement!$B:$B,B5,Measurement!$J:$J)) | K5: =IFERROR(VLOOKUP(B5,Environments!$A$5:$K$50,4,FALSE),0) | L5: =IFERROR(VLOOKUP(B5,Environments!$A$5:$K$50,5,FALSE),0) | M5: =IFERROR(VLOOKUP(B5,Environments!$A$5:$K$50,6,FALSE),0) | N5: =IFERROR(VLOOKUP(B5,Environments!$A$5:$K$50,7,FALSE),0) | O5: =IFERROR(VLOOKUP(B5,Environments!$A$5:$K$50,11,FALSE),0) | P5: =(D5*K5+F5*L5+H5*M5+J5*N5)*Global!$B$5 | Q5: =IF(SUMIF(Measurement!$B:$B,B5,Measurement!$J:$J)=0,D5*O5,J5*O5) | R5: =P5+Q5 | S5: =IF(IFERROR(VLOOKUP(B5,Environments!$A$5:$K$50,3,FALSE),FALSE),R5*$B$2,0) | T5: =R5+S5 | U5: =T5*12
A6: =Measurement!A4 | B6: =Measurement!B4 | C6: =Measurement!G4 | D6: =IF(SUMIF(Measurement!$B:$B,B6,Measurement!$G:$G)=0,0,C6/SUMIF(Measurement!$B:$B,B6,Measurement!$G:$G)) | E6: =Measurement!H4 | F6: =IF(SUMIF(Measurement!$B:$B,B6,Measurement!$H:$H)=0,0,E6/SUMIF(Measurement!$B:$B,B6,Measurement!$H:$H)) | G6: =Measurement!I4 | H6: =IF(SUMIF(Measurement!$B:$B,B6,Measurement!$I:$I)=0,0,G6/SUMIF(Measurement!$B:$B,B6,Measurement!$I:$I)) | I6: =Measurement!J4 | J6: =IF(SUMIF(Measurement!$B:$B,B6,Measurement!$J:$J)=0,0,I6/SUMIF(Measurement!$B:$B,B6,Measurement!$J:$J)) | K6: =IFERROR(VLOOKUP(B6,Environments!$A$5:$K$50,4,FALSE),0) | L6: =IFERROR(VLOOKUP(B6,Environments!$A$5:$K$50,5,FALSE),0) | M6: =IFERROR(VLOOKUP(B6,Environments!$A$5:$K$50,6,FALSE),0) | N6: =IFERROR(VLOOKUP(B6,Environments!$A$5:$K$50,7,FALSE),0) | O6: =IFERROR(VLOOKUP(B6,Environments!$A$5:$K$50,11,FALSE),0) | P6: =(D6*K6+F6*L6+H6*M6+J6*N6)*Global!$B$5 | Q6: =IF(SUMIF(Measurement!$B:$B,B6,Measurement!$J:$J)=0,D6*O6,J6*O6) | R6: =P6+Q6 | S6: =IF(IFERROR(VLOOKUP(B6,Environments!$A$5:$K$50,3,FALSE),FALSE),R6*$B$2,0) | T6: =R6+S6 | U6: =T6*12
A7: =Measurement!A5 | B7: =Measurement!B5 | C7: =Measurement!G5 | D7: =IF(SUMIF(Measurement!$B:$B,B7,Measurement!$G:$G)=0,0,C7/SUMIF(Measurement!$B:$B,B7,Measurement!$G:$G)) | E7: =Measurement!H5 | F7: =IF(SUMIF(Measurement!$B:$B,B7,Measurement!$H:$H)=0,0,E7/SUMIF(Measurement!$B:$B,B7,Measurement!$H:$H)) | G7: =Measurement!I5 | H7: =IF(SUMIF(Measurement!$B:$B,B7,Measurement!$I:$I)=0,0,G7/SUMIF(Measurement!$B:$B,B7,Measurement!$I:$I)) | I7: =Measurement!J5 | J7: =IF(SUMIF(Measurement!$B:$B,B7,Measurement!$J:$J)=0,0,I7/SUMIF(Measurement!$B:$B,B7,Measurement!$J:$J)) | K7: =IFERROR(VLOOKUP(B7,Environments!$A$5:$K$50,4,FALSE),0) | L7: =IFERROR(VLOOKUP(B7,Environments!$A$5:$K$50,5,FALSE),0) | M7: =IFERROR(VLOOKUP(B7,Environments!$A$5:$K$50,6,FALSE),0) | N7: =IFERROR(VLOOKUP(B7,Environments!$A$5:$K$50,7,FALSE),0) | O7: =IFERROR(VLOOKUP(B7,Environments!$A$5:$K$50,11,FALSE),0) | P7: =(D7*K7+F7*L7+H7*M7+J7*N7)*Global!$B$5 | Q7: =IF(SUMIF(Measurement!$B:$B,B7,Measurement!$J:$J)=0,D7*O7,J7*O7) | R7: =P7+Q7 | S7: =IF(IFERROR(VLOOKUP(B7,Environments!$A$5:$K$50,3,FALSE),FALSE),R7*$B$2,0) | T7: =R7+S7 | U7: =T7*12
A8: =Measurement!A6 | B8: =Measurement!B6 | C8: =Measurement!G6 | D8: =IF(SUMIF(Measurement!$B:$B,B8,Measurement!$G:$G)=0,0,C8/SUMIF(Measurement!$B:$B,B8,Measurement!$G:$G)) | E8: =Measurement!H6 | F8: =IF(SUMIF(Measurement!$B:$B,B8,Measurement!$H:$H)=0,0,E8/SUMIF(Measurement!$B:$B,B8,Measurement!$H:$H)) | G8: =Measurement!I6 | H8: =IF(SUMIF(Measurement!$B:$B,B8,Measurement!$I:$I)=0,0,G8/SUMIF(Measurement!$B:$B,B8,Measurement!$I:$I)) | I8: =Measurement!J6 | J8: =IF(SUMIF(Measurement!$B:$B,B8,Measurement!$J:$J)=0,0,I8/SUMIF(Measurement!$B:$B,B8,Measurement!$J:$J)) | K8: =IFERROR(VLOOKUP(B8,Environments!$A$5:$K$50,4,FALSE),0) | L8: =IFERROR(VLOOKUP(B8,Environments!$A$5:$K$50,5,FALSE),0) | M8: =IFERROR(VLOOKUP(B8,Environments!$A$5:$K$50,6,FALSE),0) | N8: =IFERROR(VLOOKUP(B8,Environments!$A$5:$K$50,7,FALSE),0) | O8: =IFERROR(VLOOKUP(B8,Environments!$A$5:$K$50,11,FALSE),0) | P8: =(D8*K8+F8*L8+H8*M8+J8*N8)*Global!$B$5 | Q8: =IF(SUMIF(Measurement!$B:$B,B8,Measurement!$J:$J)=0,D8*O8,J8*O8) | R8: =P8+Q8 | S8: =IF(IFERROR(VLOOKUP(B8,Environments!$A$5:$K$50,3,FALSE),FALSE),R8*$B$2,0) | T8: =R8+S8 | U8: =T8*12
A9: =Measurement!A7 | B9: =Measurement!B7 | C9: =Measurement!G7 | D9: =IF(SUMIF(Measurement!$B:$B,B9,Measurement!$G:$G)=0,0,C9/SUMIF(Measurement!$B:$B,B9,Measurement!$G:$G)) | E9: =Measurement!H7 | F9: =IF(SUMIF(Measurement!$B:$B,B9,Measurement!$H:$H)=0,0,E9/SUMIF(Measurement!$B:$B,B9,Measurement!$H:$H)) | G9: =Measurement!I7 | H9: =IF(SUMIF(Measurement!$B:$B,B9,Measurement!$I:$I)=0,0,G9/SUMIF(Measurement!$B:$B,B9,Measurement!$I:$I)) | I9: =Measurement!J7 | J9: =IF(SUMIF(Measurement!$B:$B,B9,Measurement!$J:$J)=0,0,I9/SUMIF(Measurement!$B:$B,B9,Measurement!$J:$J)) | K9: =IFERROR(VLOOKUP(B9,Environments!$A$5:$K$50,4,FALSE),0) | L9: =IFERROR(VLOOKUP(B9,Environments!$A$5:$K$50,5,FALSE),0) | M9: =IFERROR(VLOOKUP(B9,Environments!$A$5:$K$50,6,FALSE),0) | N9: =IFERROR(VLOOKUP(B9,Environments!$A$5:$K$50,7,FALSE),0) | O9: =IFERROR(VLOOKUP(B9,Environments!$A$5:$K$50,11,FALSE),0) | P9: =(D9*K9+F9*L9+H9*M9+J9*N9)*Global!$B$5 | Q9: =IF(SUMIF(Measurement!$B:$B,B9,Measurement!$J:$J)=0,D9*O9,J9*O9) | R9: =P9+Q9 | S9: =IF(IFERROR(VLOOKUP(B9,Environments!$A$5:$K$50,3,FALSE),FALSE),R9*$B$2,0) | T9: =R9+S9 | U9: =T9*12
A10: =Measurement!A8 | B10: =Measurement!B8 | C10: =Measurement!G8 | D10: =IF(SUMIF(Measurement!$B:$B,B10,Measurement!$G:$G)=0,0,C10/SUMIF(Measurement!$B:$B,B10,Measurement!$G:$G)) | E10: =Measurement!H8 | F10: =IF(SUMIF(Measurement!$B:$B,B10,Measurement!$H:$H)=0,0,E10/SUMIF(Measurement!$B:$B,B10,Measurement!$H:$H)) | G10: =Measurement!I8 | H10: =IF(SUMIF(Measurement!$B:$B,B10,Measurement!$I:$I)=0,0,G10/SUMIF(Measurement!$B:$B,B10,Measurement!$I:$I)) | I10: =Measurement!J8 | J10: =IF(SUMIF(Measurement!$B:$B,B10,Measurement!$J:$J)=0,0,I10/SUMIF(Measurement!$B:$B,B10,Measurement!$J:$J)) | K10: =IFERROR(VLOOKUP(B10,Environments!$A$5:$K$50,4,FALSE),0) | L10: =IFERROR(VLOOKUP(B10,Environments!$A$5:$K$50,5,FALSE),0) | M10: =IFERROR(VLOOKUP(B10,Environments!$A$5:$K$50,6,FALSE),0) | N10: =IFERROR(VLOOKUP(B10,Environments!$A$5:$K$50,7,FALSE),0) | O10: =IFERROR(VLOOKUP(B10,Environments!$A$5:$K$50,11,FALSE),0) | P10: =(D10*K10+F10*L10+H10*M10+J10*N10)*Global!$B$5 | Q10: =IF(SUMIF(Measurement!$B:$B,B10,Measurement!$J:$J)=0,D10*O10,J10*O10) | R10: =P10+Q10 | S10: =IF(IFERROR(VLOOKUP(B10,Environments!$A$5:$K$50,3,FALSE),FALSE),R10*$B$2,0) | T10: =R10+S10 | U10: =T10*12
A11: =Measurement!A9 | B11: =Measurement!B9 | C11: =Measurement!G9 | D11: =IF(SUMIF(Measurement!$B:$B,B11,Measurement!$G:$G)=0,0,C11/SUMIF(Measurement!$B:$B,B11,Measurement!$G:$G)) | E11: =Measurement!H9 | F11: =IF(SUMIF(Measurement!$B:$B,B11,Measurement!$H:$H)=0,0,E11/SUMIF(Measurement!$B:$B,B11,Measurement!$H:$H)) | G11: =Measurement!I9 | H11: =IF(SUMIF(Measurement!$B:$B,B11,Measurement!$I:$I)=0,0,G11/SUMIF(Measurement!$B:$B,B11,Measurement!$I:$I)) | I11: =Measurement!J9 | J11: =IF(SUMIF(Measurement!$B:$B,B11,Measurement!$J:$J)=0,0,I11/SUMIF(Measurement!$B:$B,B11,Measurement!$J:$J)) | K11: =IFERROR(VLOOKUP(B11,Environments!$A$5:$K$50,4,FALSE),0) | L11: =IFERROR(VLOOKUP(B11,Environments!$A$5:$K$50,5,FALSE),0) | M11: =IFERROR(VLOOKUP(B11,Environments!$A$5:$K$50,6,FALSE),0) | N11: =IFERROR(VLOOKUP(B11,Environments!$A$5:$K$50,7,FALSE),0) | O11: =IFERROR(VLOOKUP(B11,Environments!$A$5:$K$50,11,FALSE),0) | P11: =(D11*K11+F11*L11+H11*M11+J11*N11)*Global!$B$5 | Q11: =IF(SUMIF(Measurement!$B:$B,B11,Measurement!$J:$J)=0,D11*O11,J11*O11) | R11: =P11+Q11 | S11: =IF(IFERROR(VLOOKUP(B11,Environments!$A$5:$K$50,3,FALSE),FALSE),R11*$B$2,0) | T11: =R11+S11 | U11: =T11*12
A12: =Measurement!A10 | B12: =Measurement!B10 | C12: =Measurement!G10 | D12: =IF(SUMIF(Measurement!$B:$B,B12,Measurement!$G:$G)=0,0,C12/SUMIF(Measurement!$B:$B,B12,Measurement!$G:$G)) | E12: =Measurement!H10 | F12: =IF(SUMIF(Measurement!$B:$B,B12,Measurement!$H:$H)=0,0,E12/SUMIF(Measurement!$B:$B,B12,Measurement!$H:$H)) | G12: =Measurement!I10 | H12: =IF(SUMIF(Measurement!$B:$B,B12,Measurement!$I:$I)=0,0,G12/SUMIF(Measurement!$B:$B,B12,Measurement!$I:$I)) | I12: =Measurement!J10 | J12: =IF(SUMIF(Measurement!$B:$B,B12,Measurement!$J:$J)=0,0,I12/SUMIF(Measurement!$B:$B,B12,Measurement!$J:$J)) | K12: =IFERROR(VLOOKUP(B12,Environments!$A$5:$K$50,4,FALSE),0) | L12: =IFERROR(VLOOKUP(B12,Environments!$A$5:$K$50,5,FALSE),0) | M12: =IFERROR(VLOOKUP(B12,Environments!$A$5:$K$50,6,FALSE),0) | N12: =IFERROR(VLOOKUP(B12,Environments!$A$5:$K$50,7,FALSE),0) | O12: =IFERROR(VLOOKUP(B12,Environments!$A$5:$K$50,11,FALSE),0) | P12: =(D12*K12+F12*L12+H12*M12+J12*N12)*Global!$B$5 | Q12: =IF(SUMIF(Measurement!$B:$B,B12,Measurement!$J:$J)=0,D12*O12,J12*O12) | R12: =P12+Q12 | S12: =IF(IFERROR(VLOOKUP(B12,Environments!$A$5:$K$50,3,FALSE),FALSE),R12*$B$2,0) | T12: =R12+S12 | U12: =T12*12
A13: =Measurement!A11 | B13: =Measurement!B11 | C13: =Measurement!G11 | D13: =IF(SUMIF(Measurement!$B:$B,B13,Measurement!$G:$G)=0,0,C13/SUMIF(Measurement!$B:$B,B13,Measurement!$G:$G)) | E13: =Measurement!H11 | F13: =IF(SUMIF(Measurement!$B:$B,B13,Measurement!$H:$H)=0,0,E13/SUMIF(Measurement!$B:$B,B13,Measurement!$H:$H)) | G13: =Measurement!I11 | H13: =IF(SUMIF(Measurement!$B:$B,B13,Measurement!$I:$I)=0,0,G13/SUMIF(Measurement!$B:$B,B13,Measurement!$I:$I)) | I13: =Measurement!J11 | J13: =IF(SUMIF(Measurement!$B:$B,B13,Measurement!$J:$J)=0,0,I13/SUMIF(Measurement!$B:$B,B13,Measurement!$J:$J)) | K13: =IFERROR(VLOOKUP(B13,Environments!$A$5:$K$50,4,FALSE),0) | L13: =IFERROR(VLOOKUP(B13,Environments!$A$5:$K$50,5,FALSE),0) | M13: =IFERROR(VLOOKUP(B13,Environments!$A$5:$K$50,6,FALSE),0) | N13: =IFERROR(VLOOKUP(B13,Environments!$A$5:$K$50,7,FALSE),0) | O13: =IFERROR(VLOOKUP(B13,Environments!$A$5:$K$50,11,FALSE),0) | P13: =(D13*K13+F13*L13+H13*M13+J13*N13)*Global!$B$5 | Q13: =IF(SUMIF(Measurement!$B:$B,B13,Measurement!$J:$J)=0,D13*O13,J13*O13) | R13: =P13+Q13 | S13: =IF(IFERROR(VLOOKUP(B13,Environments!$A$5:$K$50,3,FALSE),FALSE),R13*$B$2,0) | T13: =R13+S13 | U13: =T13*12
A14: =Measurement!A12 | B14: =Measurement!B12 | C14: =Measurement!G12 | D14: =IF(SUMIF(Measurement!$B:$B,B14,Measurement!$G:$G)=0,0,C14/SUMIF(Measurement!$B:$B,B14,Measurement!$G:$G)) | E14: =Measurement!H12 | F14: =IF(SUMIF(Measurement!$B:$B,B14,Measurement!$H:$H)=0,0,E14/SUMIF(Measurement!$B:$B,B14,Measurement!$H:$H)) | G14: =Measurement!I12 | H14: =IF(SUMIF(Measurement!$B:$B,B14,Measurement!$I:$I)=0,0,G14/SUMIF(Measurement!$B:$B,B14,Measurement!$I:$I)) | I14: =Measurement!J12 | J14: =IF(SUMIF(Measurement!$B:$B,B14,Measurement!$J:$J)=0,0,I14/SUMIF(Measurement!$B:$B,B14,Measurement!$J:$J)) | K14: =IFERROR(VLOOKUP(B14,Environments!$A$5:$K$50,4,FALSE),0) | L14: =IFERROR(VLOOKUP(B14,Environments!$A$5:$K$50,5,FALSE),0) | M14: =IFERROR(VLOOKUP(B14,Environments!$A$5:$K$50,6,FALSE),0) | N14: =IFERROR(VLOOKUP(B14,Environments!$A$5:$K$50,7,FALSE),0) | O14: =IFERROR(VLOOKUP(B14,Environments!$A$5:$K$50,11,FALSE),0) | P14: =(D14*K14+F14*L14+H14*M14+J14*N14)*Global!$B$5 | Q14: =IF(SUMIF(Measurement!$B:$B,B14,Measurement!$J:$J)=0,D14*O14,J14*O14) | R14: =P14+Q14 | S14: =IF(IFERROR(VLOOKUP(B14,Environments!$A$5:$K$50,3,FALSE),FALSE),R14*$B$2,0) | T14: =R14+S14 | U14: =T14*12
A15: =Measurement!A13 | B15: =Measurement!B13 | C15: =Measurement!G13 | D15: =IF(SUMIF(Measurement!$B:$B,B15,Measurement!$G:$G)=0,0,C15/SUMIF(Measurement!$B:$B,B15,Measurement!$G:$G)) | E15: =Measurement!H13 | F15: =IF(SUMIF(Measurement!$B:$B,B15,Measurement!$H:$H)=0,0,E15/SUMIF(Measurement!$B:$B,B15,Measurement!$H:$H)) | G15: =Measurement!I13 | H15: =IF(SUMIF(Measurement!$B:$B,B15,Measurement!$I:$I)=0,0,G15/SUMIF(Measurement!$B:$B,B15,Measurement!$I:$I)) | I15: =Measurement!J13 | J15: =IF(SUMIF(Measurement!$B:$B,B15,Measurement!$J:$J)=0,0,I15/SUMIF(Measurement!$B:$B,B15,Measurement!$J:$J)) | K15: =IFERROR(VLOOKUP(B15,Environments!$A$5:$K$50,4,FALSE),0) | L15: =IFERROR(VLOOKUP(B15,Environments!$A$5:$K$50,5,FALSE),0) | M15: =IFERROR(VLOOKUP(B15,Environments!$A$5:$K$50,6,FALSE),0) | N15: =IFERROR(VLOOKUP(B15,Environments!$A$5:$K$50,7,FALSE),0) | O15: =IFERROR(VLOOKUP(B15,Environments!$A$5:$K$50,11,FALSE),0) | P15: =(D15*K15+F15*L15+H15*M15+J15*N15)*Global!$B$5 | Q15: =IF(SUMIF(Measurement!$B:$B,B15,Measurement!$J:$J)=0,D15*O15,J15*O15) | R15: =P15+Q15 | S15: =IF(IFERROR(VLOOKUP(B15,Environments!$A$5:$K$50,3,FALSE),FALSE),R15*$B$2,0) | T15: =R15+S15 | U15: =T15*12
A16: =Measurement!A14 | B16: =Measurement!B14 | C16: =Measurement!G14 | D16: =IF(SUMIF(Measurement!$B:$B,B16,Measurement!$G:$G)=0,0,C16/SUMIF(Measurement!$B:$B,B16,Measurement!$G:$G)) | E16: =Measurement!H14 | F16: =IF(SUMIF(Measurement!$B:$B,B16,Measurement!$H:$H)=0,0,E16/SUMIF(Measurement!$B:$B,B16,Measurement!$H:$H)) | G16: =Measurement!I14 | H16: =IF(SUMIF(Measurement!$B:$B,B16,Measurement!$I:$I)=0,0,G16/SUMIF(Measurement!$B:$B,B16,Measurement!$I:$I)) | I16: =Measurement!J14 | J16: =IF(SUMIF(Measurement!$B:$B,B16,Measurement!$J:$J)=0,0,I16/SUMIF(Measurement!$B:$B,B16,Measurement!$J:$J)) | K16: =IFERROR(VLOOKUP(B16,Environments!$A$5:$K$50,4,FALSE),0) | L16: =IFERROR(VLOOKUP(B16,Environments!$A$5:$K$50,5,FALSE),0) | M16: =IFERROR(VLOOKUP(B16,Environments!$A$5:$K$50,6,FALSE),0) | N16: =IFERROR(VLOOKUP(B16,Environments!$A$5:$K$50,7,FALSE),0) | O16: =IFERROR(VLOOKUP(B16,Environments!$A$5:$K$50,11,FALSE),0) | P16: =(D16*K16+F16*L16+H16*M16+J16*N16)*Global!$B$5 | Q16: =IF(SUMIF(Measurement!$B:$B,B16,Measurement!$J:$J)=0,D16*O16,J16*O16) | R16: =P16+Q16 | S16: =IF(IFERROR(VLOOKUP(B16,Environments!$A$5:$K$50,3,FALSE),FALSE),R16*$B$2,0) | T16: =R16+S16 | U16: =T16*12
... A77: =Measurement!A75 | B77: =Measurement!B75 | C77: =Measurement!G75 | D77: =IF(SUMIF(Measurement!$B:$B,B77,Measurement!$G:$G)=0,0,C77/SUMIF(Measurement!$B:$B,B77,Measurement!$G:$G)) | E77: =Measurement!H75 | F77: =IF(SUMIF(Measurement!$B:$B,B77,Measurement!$H:$H)=0,0,E77/SUMIF(Measurement!$B:$B,B77,Measurement!$H:$H)) | G77: =Measurement!I75 | H77: =IF(SUMIF(Measurement!$B:$B,B77,Measurement!$I:$I)=0,0,G77/SUMIF(Measurement!$B:$B,B77,Measurement!$I:$I)) | I77: =Measurement!J75 | J77: =IF(SUMIF(Measurement!$B:$B,B77,Measurement!$J:$J)=0,0,I77/SUMIF(Measurement!$B:$B,B77,Measurement!$J:$J)) | K77: =IFERROR(VLOOKUP(B77,Environments!$A$5:$K$50,4,FALSE),0) | L77: =IFERROR(VLOOKUP(B77,Environments!$A$5:$K$50,5,FALSE),0) | M77: =IFERROR(VLOOKUP(B77,Environments!$A$5:$K$50,6,FALSE),0) | N77: =IFERROR(VLOOKUP(B77,Environments!$A$5:$K$50,7,FALSE),0) | O77: =IFERROR(VLOOKUP(B77,Environments!$A$5:$K$50,11,FALSE),0) | P77: =(D77*K77+F77*L77+H77*M77+J77*N77)*Global!$B$5 | Q77: =IF(SUMIF(Measurement!$B:$B,B77,Measurement!$J:$J)=0,D77*O77,J77*O77) | R77: =P77+Q77 | S77: =IF(IFERROR(VLOOKUP(B77,Environments!$A$5:$K$50,3,FALSE),FALSE),R77*$B$2,0) | T77: =R77+S77 | U77: =T77*12

Sheet Any Family
A1: Pick any Measurement family — rates from Environments via VLOOKUP (any env code).
A3: Family | B3: pre-k8s-cloud-applogs-tst
A4: Env | B4: =IFERROR(INDEX(Measurement!B:B,MATCH(B3,Measurement!A:A,0)),"")
A5: GB hot | B5: =IFERROR(SUMIF(Measurement!A:A,B3,Measurement!G:G),0)
A6: GB warm | B6: =IFERROR(SUMIF(Measurement!A:A,B3,Measurement!H:H),0)
A7: GB cold | B7: =IFERROR(SUMIF(Measurement!A:A,B3,Measurement!I:I),0)
A8: GB frozen | B8: =IFERROR(SUMIF(Measurement!A:A,B3,Measurement!J:J),0)
A9: Hot share | B9: =IF(SUMIF(Measurement!B:B,B4,Measurement!G:G)=0,0,B5/SUMIF(Measurement!B:B,B4,Measurement!G:G))
A10: Warm share | B10: =IF(SUMIF(Measurement!B:B,B4,Measurement!H:H)=0,0,B6/SUMIF(Measurement!B:B,B4,Measurement!H:H))
A11: Cold share | B11: =IF(SUMIF(Measurement!B:B,B4,Measurement!I:I)=0,0,B7/SUMIF(Measurement!B:B,B4,Measurement!I:I))
A12: Frozen share | B12: =IF(SUMIF(Measurement!B:B,B4,Measurement!J:J)=0,0,B8/SUMIF(Measurement!B:B,B4,Measurement!J:J))
A13: Hot /h | B13: =IFERROR(VLOOKUP(B4,Environments!$A$5:$K$50,4,FALSE),0)
A14: Warm /h | B14: =IFERROR(VLOOKUP(B4,Environments!$A$5:$K$50,5,FALSE),0)
A15: Cold /h | B15: =IFERROR(VLOOKUP(B4,Environments!$A$5:$K$50,6,FALSE),0)
A16: Frozen /h | B16: =IFERROR(VLOOKUP(B4,Environments!$A$5:$K$50,7,FALSE),0)
A17: Snapshots / mo | B17: =IFERROR(VLOOKUP(B4,Environments!$A$5:$K$50,11,FALSE),0)
A18: Apply surcharge? | B18: =IFERROR(VLOOKUP(B4,Environments!$A$5:$K$50,3,FALSE),FALSE)
A19: Cost/mo capacity | B19: =(B9*B13+B10*B14+B11*B15+B12*B16)*Global!B5
A20: Cost/mo snapshots | B20: =IF(SUMIF(Measurement!B:B,B4,Measurement!J:J)=0,B9*B17,B12*B17)
A21: Cost/mo Elastic | B21: =B19+B20
A22: Cost/mo surcharge | B22: =IF(B18,B21*Global!B17,0)
A23: Cost/mo total | B23: =B21+B22
A24: Cost/year | B24: =B23*12
